{"cameraMode":{"drawMode":0,"name":"Shaded","section":"Shading Mode"},"sceneLighting":true,"audioPlay":false,"sceneViewState":{"showFog":true,"showMaterialUpdate":false,"showSkybox":true,"showFlares":true,"showImageEffects":true,"showParticleSystems":true},"in2DMode":false,"pivot":{"x":50.38603591918945,"y":-13.5523681640625,"z":-65.892333984375},"rotation":{"x":0.3052186369895935,"y":0.1632002741098404,"z":-0.053178779780864719,"w":0.9366857409477234},"size":113.87834930419922,"orthographic":false}