{"cameraMode":{"drawMode":0,"name":"Shaded","section":"Shading Mode"},"sceneLighting":true,"audioPlay":false,"sceneViewState":{"showFog":true,"showMaterialUpdate":false,"showSkybox":true,"showFlares":true,"showImageEffects":true,"showParticleSystems":true},"in2DMode":false,"pivot":{"x":90.03218841552735,"y":-8.608448028564454,"z":-64.38877868652344},"rotation":{"x":0.18575872480869294,"y":0.2538090944290161,"z":-0.04972667992115021,"w":0.9479710459709168},"size":159.66561889648438,"orthographic":false}